,type,id,key,value,action,details,url
0,node,26864258,wikidata,Q1537733,add_wikidata_label,"de,hy,ja,lt,ru,zh",https://www.openstreetmap.org/node/26864258
1,node,45160958,wikidata,Q948850,add_wikidata_label,"es,eu,ja,nb,pt,sv,cs",https://www.openstreetmap.org/node/45160958
2,node,45161413,wikidata,Q21330042,add_wikidata_label,"nl,sv,ca",https://www.openstreetmap.org/node/45161413
3,node,45188761,wikidata,Q7190459,add_wikidata_label,zh,https://www.openstreetmap.org/node/45188761
4,node,45193909,wikidata,Q7357513,add_wikidata_label,"en,eu,fr,nl,zh",https://www.openstreetmap.org/node/45193909
5,node,45194103,wikidata,Q3087278,add_wikidata_label,"es,pl,zh,cs",https://www.openstreetmap.org/node/45194103
6,node,45195597,wikidata,Q11941510,add_wikidata_label,"en,nl",https://www.openstreetmap.org/node/45195597
7,node,45195644,wikidata,Q17483560,add_wikidata_label,"en,nl",https://www.openstreetmap.org/node/45195644
8,node,53294601,wikidata,Q21330627,add_wikidata_label,"en,fr,it",https://www.openstreetmap.org/node/53294601
9,node,53376950,wikidata,Q7231065,add_wikidata_label,sv,https://www.openstreetmap.org/node/53376950
10,node,58957648,wikidata,Q1863,add_wikidata_label,"av,gu,hi,kn,ky,mn,pa,si,te,uz,cu",https://www.openstreetmap.org/node/58957648
11,node,64954377,wikidata,Q24650,add_wikidata_label,"fa,fi,it,oc,sq,vo",https://www.openstreetmap.org/node/64954377
12,node,64954382,wikidata,Q24625,add_wikidata_label,fa,https://www.openstreetmap.org/node/64954382
13,node,64954385,wikidata,Q24611,add_wikidata_label,fa,https://www.openstreetmap.org/node/64954385
14,node,64954389,wikidata,Q24551,add_wikidata_label,"ru,fa",https://www.openstreetmap.org/node/64954389
15,node,64954396,wikidata,Q1154347,add_wikidata_label,"en,es,it,nl",https://www.openstreetmap.org/node/64954396
16,node,64954400,wikidata,Q24641,add_wikidata_label,fa,https://www.openstreetmap.org/node/64954400
17,node,64954404,wikidata,Q24413,add_wikidata_label,"fa,sr",https://www.openstreetmap.org/node/64954404
18,node,64954409,wikidata,Q24415,add_wikidata_label,"fa,pl",https://www.openstreetmap.org/node/64954409
19,node,64954415,wikidata,Q24562,add_wikidata_label,"fa,ru,uz",https://www.openstreetmap.org/node/64954415
20,node,64954422,wikidata,Q24371,add_wikidata_label,"ca,de,en,es,fa,fi,fr,hu,it,nl,oc,sv,ur",https://www.openstreetmap.org/node/64954422
21,node,64954433,wikidata,Q386802,add_wikidata_label,pl,https://www.openstreetmap.org/node/64954433
22,node,64954435,wikidata,Q24495,add_wikidata_label,"de,en,es,fa,fi,fr,it,nl,oc,rm,sq",https://www.openstreetmap.org/node/64954435
23,node,64954437,wikidata,Q24456,add_wikidata_label,"hu,ja,lt,nl,oc,ro,sr,uk,ar,cs,sv,da,de,el,en,eo,es,eu,fa,fi",https://www.openstreetmap.org/node/64954437
24,node,64954447,wikidata,Q24540,add_wikidata_label,"fa,fi,lt,pl,sv,ur",https://www.openstreetmap.org/node/64954447
25,node,64954451,wikidata,Q24490,add_wikidata_label,"fa,he,ja",https://www.openstreetmap.org/node/64954451
26,node,64954457,wikidata,Q24392,add_wikidata_label,fa,https://www.openstreetmap.org/node/64954457
27,node,64954464,wikidata,Q24459,add_wikidata_label,"ja,fa,fi,vo",https://www.openstreetmap.org/node/64954464
28,node,64954467,wikidata,Q24556,add_wikidata_label,fa,https://www.openstreetmap.org/node/64954467
29,node,64954472,wikidata,Q24475,add_wikidata_label,fa,https://www.openstreetmap.org/node/64954472
30,node,64954477,wikidata,Q586510,add_wikidata_label,"ja,lt",https://www.openstreetmap.org/node/64954477
31,node,64954483,wikidata,Q24554,add_wikidata_label,"el,fa,ja,lt,zh",https://www.openstreetmap.org/node/64954483
32,node,64954492,wikidata,Q24447,add_wikidata_label,"it,lt,fa",https://www.openstreetmap.org/node/64954492
33,node,64954508,wikidata,Q24629,add_wikidata_label,fa,https://www.openstreetmap.org/node/64954508
34,node,64954512,wikidata,Q24597,add_wikidata_label,"uk,cs,da,el,en,es,eu,fa,fi,gl,he,ja,lt,oc,pt,rm,sr,tr,zh,bg,ko",https://www.openstreetmap.org/node/64954512
35,node,64954515,wikidata,Q24558,add_wikidata_label,"zh,ja,fa,fi",https://www.openstreetmap.org/node/64954515
36,node,64954525,wikidata,Q24656,add_wikidata_label,"el,fa,lt,zh",https://www.openstreetmap.org/node/64954525
37,node,64954531,wikidata,Q24483,add_wikidata_label,fa,https://www.openstreetmap.org/node/64954531
38,node,64954538,wikidata,Q24398,add_wikidata_label,"fa,he,ja,uk",https://www.openstreetmap.org/node/64954538
39,node,64954546,wikidata,Q24486,add_wikidata_label,"fa,ur",https://www.openstreetmap.org/node/64954546
40,node,64954554,wikidata,Q24622,add_wikidata_label,fa,https://www.openstreetmap.org/node/64954554
41,node,64954560,wikidata,Q24478,add_wikidata_label,fa,https://www.openstreetmap.org/node/64954560
42,node,64954563,wikidata,Q24276,add_wikidata_label,"ar,bg,bn,fa,gu,hi,hu,hy,it,ja,ka,kn,ko,lv,mk,mr,si,sr,ta,te,th,uk,ur,zh",https://www.openstreetmap.org/node/64954563
43,node,64954565,wikidata,Q24566,add_wikidata_label,fa,https://www.openstreetmap.org/node/64954565
44,node,64954570,wikidata,Q24499,add_wikidata_label,"fa,ja",https://www.openstreetmap.org/node/64954570
45,node,64954584,wikidata,Q24269,add_wikidata_label,"uk,ar,bg,bn,fa,gu,he,hi,hy,it,ja,ka,kn,ko,lv,mk,mr,si,ta,te,th",https://www.openstreetmap.org/node/64954584
46,node,64954589,wikidata,Q1050185,add_wikidata_label,"en,es,fr,uk,fa,he,it,ja,nb,nl,pt,sr,ur,zh",https://www.openstreetmap.org/node/64954589
47,node,64954593,wikidata,Q24668,add_wikidata_label,"fa,hy,uz",https://www.openstreetmap.org/node/64954593
48,node,64954598,wikidata,Q24630,add_wikidata_label,"fa,fi,sq,en,es,fr",https://www.openstreetmap.org/node/64954598
49,node,148874198,wikidata,Q228,add_wikidata_label,"gd,ht,iu,kv,ky,my,kg,mg,sh,ab,av,ba,ce,cu,cv,dv,om,os,pa,pi,ps,qu,rw,sa,sd,sm,ss,ug,wo,yi",https://www.openstreetmap.org/node/148874198
50,node,206332846,wikidata,Q738592,add_wikidata_label,"de,eu,it,nb,pt,sv",https://www.openstreetmap.org/node/206332846
51,node,268096174,wikidata,Q111877849,add_wikidata_label,en,https://www.openstreetmap.org/node/268096174
52,node,321651109,wikidata,Q17483010,add_wikidata_label,"pl,sv,en,nl",https://www.openstreetmap.org/node/321651109
53,node,366540873,wikidata,Q11941547,add_wikidata_label,"en,pl",https://www.openstreetmap.org/node/366540873
54,node,442881217,wikidata,Q111877841,add_wikidata_label,en,https://www.openstreetmap.org/node/442881217
55,node,442881670,wikidata,Q111112016,add_wikidata_label,en,https://www.openstreetmap.org/node/442881670
56,node,442881710,wikidata,Q111412168,add_wikidata_label,en,https://www.openstreetmap.org/node/442881710
57,node,442881842,wikidata,Q111877833,add_wikidata_label,en,https://www.openstreetmap.org/node/442881842
58,node,445583491,wikidata,Q7190457,add_wikidata_label,"es,fr,zh,cs",https://www.openstreetmap.org/node/445583491
59,node,482150309,wikidata,Q21329790,add_wikidata_label,pl,https://www.openstreetmap.org/node/482150309
60,node,576089613,wikidata,Q17483631,add_wikidata_label,"en,nl",https://www.openstreetmap.org/node/576089613
61,node,576090254,wikidata,Q11941508,add_wikidata_label,"es,cs",https://www.openstreetmap.org/node/576090254
62,node,576601861,wikidata,Q6906641,add_wikidata_label,de,https://www.openstreetmap.org/node/576601861
63,node,576601879,wikidata,Q17483202,add_wikidata_label,"es,sv,cs",https://www.openstreetmap.org/node/576601879
64,node,577180140,wikidata,Q11920489,add_wikidata_label,"en,nl",https://www.openstreetmap.org/node/577180140
65,node,579971917,wikidata,Q109517079,add_wikidata_label,sv,https://www.openstreetmap.org/node/579971917
66,node,579972546,wikidata,Q17483009,add_wikidata_label,"es,cs",https://www.openstreetmap.org/node/579972546
67,node,579972678,wikidata,Q11941529,add_wikidata_label,"fr,pl,sv",https://www.openstreetmap.org/node/579972678
68,node,590463661,wikidata,Q111412178,add_wikidata_label,en,https://www.openstreetmap.org/node/590463661
69,node,894259010,wikidata,Q28710886,add_wikidata_label,"ca,en,fr",https://www.openstreetmap.org/node/894259010
70,node,899525989,wikidata,Q18006178,add_wikidata_label,"ca,en,fr",https://www.openstreetmap.org/node/899525989
71,node,899526022,wikidata,Q3649136,add_wikidata_label,it,https://www.openstreetmap.org/node/899526022
72,node,899526058,wikidata,Q3649144,add_wikidata_label,"ca,fr,it",https://www.openstreetmap.org/node/899526058
73,node,899526219,wikidata,Q3931668,add_wikidata_label,"ca,en,fr,it",https://www.openstreetmap.org/node/899526219
74,node,901125108,wikidata,Q62467,add_wikidata_label,"ar,bg,bs,cs,de,en,es,eu,fa,fi,fr,gl,he,hr,it,ja,lt,mk,nb,nn,oc,pl,pt,ro,sk,sv,tr,uk,zh,ko",https://www.openstreetmap.org/node/901125108
75,node,1051748832,wikidata,Q111877872,add_wikidata_label,en,https://www.openstreetmap.org/node/1051748832
76,node,1102580806,wikidata,Q3382368,add_wikidata_label,"en,nl,pl,sv",https://www.openstreetmap.org/node/1102580806
77,node,1103938431,wikidata,Q17483012,add_wikidata_label,"en,nl",https://www.openstreetmap.org/node/1103938431
78,node,1103938469,wikidata,Q21329293,add_wikidata_label,"ca,en,fr,nl,sv",https://www.openstreetmap.org/node/1103938469
79,node,1304121512,wikidata,Q11952606,add_wikidata_label,sv,https://www.openstreetmap.org/node/1304121512
80,node,1329675216,wikidata,Q17481533,add_wikidata_label,"en,nl",https://www.openstreetmap.org/node/1329675216
81,node,1473165520,wikidata,Q21329274,add_wikidata_label,"en,nl,pl,sv,ca",https://www.openstreetmap.org/node/1473165520
82,node,1501227586,wikidata,Q3389075,add_wikidata_label,es,https://www.openstreetmap.org/node/1501227586
83,node,1868861762,wikidata,Q7260524,add_wikidata_label,"en,ja,nl,zh",https://www.openstreetmap.org/node/1868861762
84,node,1894423590,wikidata,Q2717368,add_wikidata_label,"sv,ca",https://www.openstreetmap.org/node/1894423590
85,node,2008250724,wikidata,Q11941543,add_wikidata_label,"fr,en,es,nb,nl,pl,cs",https://www.openstreetmap.org/node/2008250724
86,node,2008300324,wikidata,Q11952788,add_wikidata_label,"en,nl",https://www.openstreetmap.org/node/2008300324
87,node,2125730238,wikidata,Q746899,add_wikidata_label,"lt,fa",https://www.openstreetmap.org/node/2125730238
88,node,2125770584,wikidata,Q2536296,add_wikidata_label,"ja,ur",https://www.openstreetmap.org/node/2125770584
89,node,2188365876,wikidata,Q21330094,add_wikidata_label,fr,https://www.openstreetmap.org/node/2188365876
90,node,2188365878,wikidata,Q4563375,add_wikidata_label,pl,https://www.openstreetmap.org/node/2188365878
91,node,2188401642,wikidata,Q1864334,add_wikidata_label,"fr,ja",https://www.openstreetmap.org/node/2188401642
92,node,2188401647,wikidata,Q21329236,add_wikidata_label,"nl,sv,ca",https://www.openstreetmap.org/node/2188401647
93,node,2189429140,wikidata,Q21330538,add_wikidata_label,pl,https://www.openstreetmap.org/node/2189429140
94,node,2204991894,wikidata,Q21330410,add_wikidata_label,"nl,sv",https://www.openstreetmap.org/node/2204991894
95,node,2402829884,wikidata,Q111412172,add_wikidata_label,en,https://www.openstreetmap.org/node/2402829884
96,node,2880146181,wikidata,Q111877845,add_wikidata_label,en,https://www.openstreetmap.org/node/2880146181
97,node,2899149615,wikidata,Q2841713,add_wikidata_label,"ar,be,br,de,en,es,he,it,ru,sr,sv,uk",https://www.openstreetmap.org/node/2899149615
98,node,3269794936,wikidata,Q2986113,add_wikidata_label,"en,fr,ja,ru",https://www.openstreetmap.org/node/3269794936
99,node,3632502330,wikidata,Q21328906,add_wikidata_label,"nl,sv",https://www.openstreetmap.org/node/3632502330
100,node,3669894087,wikidata,Q3382394,add_wikidata_label,"en,nl,pl,sv",https://www.openstreetmap.org/node/3669894087
101,node,3671517543,wikidata,Q21330512,add_wikidata_label,"nl,sv",https://www.openstreetmap.org/node/3671517543
102,node,3671517544,wikidata,Q21329386,add_wikidata_label,"nl,sv",https://www.openstreetmap.org/node/3671517544
103,node,3732137518,wikidata,Q21330407,add_wikidata_label,"nl,sv",https://www.openstreetmap.org/node/3732137518
104,node,3844255703,wikidata,Q21330511,add_wikidata_label,"nl,sv",https://www.openstreetmap.org/node/3844255703
105,node,3870497793,wikidata,Q112017255,add_wikidata_label,en,https://www.openstreetmap.org/node/3870497793
106,node,3887374186,wikidata,Q21329826,add_wikidata_label,"en,nl,sv",https://www.openstreetmap.org/node/3887374186
107,node,3887374187,wikidata,Q21329826,add_wikidata_label,"ca,nl,sv",https://www.openstreetmap.org/node/3887374187
108,node,3904343028,wikidata,Q3649137,add_wikidata_label,it,https://www.openstreetmap.org/node/3904343028
109,node,4000702669,wikidata,Q21329193,add_wikidata_label,"nl,pl,sv",https://www.openstreetmap.org/node/4000702669
110,node,4235379090,wikidata,Q21330553,add_wikidata_label,sv,https://www.openstreetmap.org/node/4235379090
111,node,4340934040,wikidata,Q11941475,add_wikidata_label,"en,es,sv,cs",https://www.openstreetmap.org/node/4340934040
112,node,4340934045,wikidata,Q17483373,add_wikidata_label,"en,nl",https://www.openstreetmap.org/node/4340934045
113,node,4456947592,wikidata,Q11918003,add_wikidata_label,fr,https://www.openstreetmap.org/node/4456947592
114,node,4516461789,wikidata,Q332800,add_wikidata_label,"ar,be,cs,da,es,fa,fi,fr,he,hr,hu,hy,it,ja,ka,lb,lt,mk,nb,nl,pl,pt,ro,ru,sh,sk,sr,sv,tr,uk,vi,zh,mt,gl,bs",https://www.openstreetmap.org/node/4516461789
115,node,5029336341,wikidata,Q2209719,add_wikidata_label,"ca,cs,en,es,fr,ja,nb,nn,pl,sk",https://www.openstreetmap.org/node/5029336341
116,node,5107912842,wikidata,Q17481918,add_wikidata_label,nl,https://www.openstreetmap.org/node/5107912842
117,node,5167171642,wikidata,Q2664716,add_wikidata_label,ja,https://www.openstreetmap.org/node/5167171642
118,node,5288596727,wikidata,Q111877839,add_wikidata_label,en,https://www.openstreetmap.org/node/5288596727
119,node,5734220131,wikidata,Q61999043,add_wikidata_label,"an,en,he",https://www.openstreetmap.org/node/5734220131
120,node,5736767209,wikidata,Q3931665,add_wikidata_label,"fr,it",https://www.openstreetmap.org/node/5736767209
121,node,5754611982,wikidata,Q111877837,add_wikidata_label,en,https://www.openstreetmap.org/node/5754611982
122,node,6000108815,wikidata,Q111877822,add_wikidata_label,en,https://www.openstreetmap.org/node/6000108815
123,node,6398371961,wikidata,Q5911880,add_wikidata_label,"ca,de,en,es,eu,fr,it,nl,pt",https://www.openstreetmap.org/node/6398371961
124,node,7091170367,wikidata,Q36374033,add_wikidata_label,"ru,ca,de,en,es,fr,pt",https://www.openstreetmap.org/node/7091170367
125,node,8963774805,wikidata,Q27048709,add_wikidata_label,"es,fr",https://www.openstreetmap.org/node/8963774805
126,node,8963780177,wikidata,Q20106734,add_wikidata_label,"ca,en,es,fr,de",https://www.openstreetmap.org/node/8963780177
127,node,8963872983,wikidata,Q5911250,add_wikidata_label,"ca,en,es,fr,tr",https://www.openstreetmap.org/node/8963872983
128,node,9202662723,wikidata,Q26234568,add_wikidata_label,"ca,en,fr",https://www.openstreetmap.org/node/9202662723
129,node,9516682362,wikidata,Q21330343,add_wikidata_label,sv,https://www.openstreetmap.org/node/9516682362
130,way,6176755,wikidata,Q3379232,add_wikidata_label,"an,de,en,es,fr,it,nb,nl,zh",https://www.openstreetmap.org/way/6176755
131,way,6242756,wikidata,Q56403714,add_wikidata_label,fr,https://www.openstreetmap.org/way/6242756
132,way,6275507,wikidata,Q7136369,add_wikidata_label,"en,es",https://www.openstreetmap.org/way/6275507
133,way,6576853,wikidata,Q7228014,add_wikidata_label,"ca,en,fr,nl,tr",https://www.openstreetmap.org/way/6576853
134,way,24364447,wikidata,Q6154716,add_wikidata_label,"es,fr",https://www.openstreetmap.org/way/24364447
135,way,54858984,wikidata,Q5596036,add_wikidata_label,"ca,en",https://www.openstreetmap.org/way/54858984
136,way,104330539,wikidata,Q21330259,add_wikidata_label,"en,es,gl,sv",https://www.openstreetmap.org/way/104330539
137,way,124673943,wikidata,Q9090913,add_wikidata_label,"de,en,fr,nl",https://www.openstreetmap.org/way/124673943
138,way,124673953,wikidata,Q9090913,add_wikidata_label,"de,en,fr,nl",https://www.openstreetmap.org/way/124673953
139,way,127125424,wikidata,Q3931662,add_wikidata_label,"fr,it",https://www.openstreetmap.org/way/127125424
140,way,127286117,wikidata,Q21328903,add_wikidata_label,"en,fr",https://www.openstreetmap.org/way/127286117
141,way,127286124,wikidata,Q2781227,add_wikidata_label,"de,fr,nl,sv",https://www.openstreetmap.org/way/127286124
142,way,173168838,wikidata,Q56403714,add_wikidata_label,fr,https://www.openstreetmap.org/way/173168838
143,way,174919418,wikidata,Q18125598,add_wikidata_label,"kk,bs,es,fa,he,ja,pt,ru,sw,tr,vi,zh,ko,ar",https://www.openstreetmap.org/way/174919418
144,way,181444270,wikidata,Q21330278,add_wikidata_label,"fr,sv",https://www.openstreetmap.org/way/181444270
145,way,190239291,wikidata,Q3931666,add_wikidata_label,it,https://www.openstreetmap.org/way/190239291
146,way,191582654,wikidata,Q27043086,add_wikidata_label,"en,es,fr",https://www.openstreetmap.org/way/191582654
147,way,191582655,wikidata,Q63789,add_wikidata_label,"nl,en,cs,eu,pl,sv,tr",https://www.openstreetmap.org/way/191582655
148,way,194554955,wikidata,Q47993296,add_wikidata_label,"de,vi,he",https://www.openstreetmap.org/way/194554955
149,way,202594793,wikidata,Q3819483,add_wikidata_label,"de,en,es,eu,ru,tr,fr",https://www.openstreetmap.org/way/202594793
150,way,202595158,wikidata,Q11935312,add_wikidata_label,"ca,en,es,nl,fr",https://www.openstreetmap.org/way/202595158
151,way,202595653,wikidata,Q63787,add_wikidata_label,"en,es,tr,fr",https://www.openstreetmap.org/way/202595653
152,way,202595952,wikidata,Q15081889,add_wikidata_label,"nl,es,ca,de,en,fr",https://www.openstreetmap.org/way/202595952
153,way,202596424,wikidata,Q17485576,add_wikidata_label,"ca,fr",https://www.openstreetmap.org/way/202596424
154,way,202604477,wikidata,Q11251566,add_wikidata_label,"ca,en,es,tr,fr",https://www.openstreetmap.org/way/202604477
155,way,202606880,wikidata,Q5397737,add_wikidata_label,"en,tr,fr",https://www.openstreetmap.org/way/202606880
156,way,202608372,wikidata,Q4895696,add_wikidata_label,"eu,ca,de,en,es,fr,nl,tr",https://www.openstreetmap.org/way/202608372
157,way,202612771,wikidata,Q3780675,add_wikidata_label,"nl,en,eo,es,eu,pt,tr,zh,fr",https://www.openstreetmap.org/way/202612771
158,way,202614660,wikidata,Q2124368,add_wikidata_label,"es,fr",https://www.openstreetmap.org/way/202614660
159,way,202614956,wikidata,Q3775060,add_wikidata_label,"nl,es,en,eu,tr,fr",https://www.openstreetmap.org/way/202614956
160,way,202616749,wikidata,Q5397724,add_wikidata_label,"nl,es,en,tr,fr",https://www.openstreetmap.org/way/202616749
161,way,202616750,wikidata,Q2874750,add_wikidata_label,"nl,ca,da,de,en,tr,es,fr",https://www.openstreetmap.org/way/202616750
162,way,202616752,wikidata,Q5397726,add_wikidata_label,"es,en,tr,fr",https://www.openstreetmap.org/way/202616752
163,way,202617257,wikidata,Q5047802,add_wikidata_label,"en,fr,nl,tr",https://www.openstreetmap.org/way/202617257
164,way,202617439,wikidata,Q3819319,add_wikidata_label,"es,de,en,nl,tr,fr",https://www.openstreetmap.org/way/202617439
165,way,202617451,wikidata,Q17651611,add_wikidata_label,"es,en,tr,fr",https://www.openstreetmap.org/way/202617451
166,way,202617506,wikidata,Q11947521,add_wikidata_label,"de,en,es,fr",https://www.openstreetmap.org/way/202617506
167,way,202618668,wikidata,Q18007335,add_wikidata_label,"es,fr",https://www.openstreetmap.org/way/202618668
168,way,202634290,wikidata,Q20968895,add_wikidata_label,en,https://www.openstreetmap.org/way/202634290
169,way,202634375,wikidata,Q3781320,add_wikidata_label,"da,en,es,nl,fr",https://www.openstreetmap.org/way/202634375
170,way,202635437,wikidata,Q1024946,add_wikidata_label,"cs,da,fi,nb,de,es,eu,it,ja,nl,pt,ru,sv,vi,he",https://www.openstreetmap.org/way/202635437
171,way,202636510,wikidata,Q5397740,add_wikidata_label,"en,tr,fr",https://www.openstreetmap.org/way/202636510
172,way,202636511,wikidata,Q5397722,add_wikidata_label,"es,en,tr,fr",https://www.openstreetmap.org/way/202636511
173,way,202638053,wikidata,Q2912621,add_wikidata_label,"de,en,es,tr,fr",https://www.openstreetmap.org/way/202638053
174,way,202638054,wikidata,Q2912535,add_wikidata_label,de,https://www.openstreetmap.org/way/202638054
175,way,202640608,wikidata,Q21077406,add_wikidata_label,"eu,fr",https://www.openstreetmap.org/way/202640608
176,way,202640609,wikidata,Q5397746,add_wikidata_label,"en,tr,fr",https://www.openstreetmap.org/way/202640609
177,way,202641565,wikidata,Q3819245,add_wikidata_label,"de,es,eu,nl,fr",https://www.openstreetmap.org/way/202641565
178,way,203038860,wikidata,Q11947716,add_wikidata_label,"es,fr",https://www.openstreetmap.org/way/203038860
179,way,206379041,wikidata,Q3931665,add_wikidata_label,"ca,en,fr,it",https://www.openstreetmap.org/way/206379041
180,way,208401245,wikidata,Q3931655,add_wikidata_label,"fr,it",https://www.openstreetmap.org/way/208401245
181,way,208585095,wikidata,Q24853,add_wikidata_label,"ar,br,cs,cv,de,en,eu,fi,fr,gl,he,id,it,ja,lt,mk,nb,nl,nn,oc,pl,pt,ro,sk,sl,sr,sv,uk,vi,zh,lv",https://www.openstreetmap.org/way/208585095
182,way,208585106,wikidata,Q3137862,add_wikidata_label,"es,fa,it",https://www.openstreetmap.org/way/208585106
183,way,208595135,wikidata,Q28710886,add_wikidata_label,"en,fr",https://www.openstreetmap.org/way/208595135
184,way,208669601,wikidata,Q21332181,add_wikidata_label,"ca,en,fr,sv",https://www.openstreetmap.org/way/208669601
185,way,208669602,wikidata,Q21332181,add_wikidata_label,"ca,en,fr,sv",https://www.openstreetmap.org/way/208669602
186,way,208669630,wikidata,Q2793742,add_wikidata_label,"ca,nl,sv",https://www.openstreetmap.org/way/208669630
187,way,210428162,wikidata,Q24625,add_wikidata_label,"ca,de,en,es,fa,fi,fr,it,nl,oc,pl,sq",https://www.openstreetmap.org/way/210428162
188,way,210428163,wikidata,Q24668,add_wikidata_label,"ca,de,en,es,fa,fi,fr,hy,it,nl,oc,pl,rm,ru,sq,vo,uz",https://www.openstreetmap.org/way/210428163
189,way,210428164,wikidata,Q24650,add_wikidata_label,"ca,de,en,es,fa,fi,fr,it,nl,oc,sq,vo",https://www.openstreetmap.org/way/210428164
190,way,219556004,wikidata,Q9054498,add_wikidata_label,"en,es",https://www.openstreetmap.org/way/219556004
191,way,231384369,wikidata,Q21055525,add_wikidata_label,"ca,en,fr,nl",https://www.openstreetmap.org/way/231384369
192,way,233909027,wikidata,Q3588222,add_wikidata_label,"en,fr",https://www.openstreetmap.org/way/233909027
193,way,270902310,wikidata,Q648838,add_wikidata_label,"ar,az,de,el,es,fi,fr,it,la,mk,ru,sh,tl,uk,zh,id,eo,ko",https://www.openstreetmap.org/way/270902310
194,way,273906962,wikidata,Q7228015,add_wikidata_label,"en,es,fr,nl,tr",https://www.openstreetmap.org/way/273906962
195,way,275123436,wikidata,Q97489558,add_wikidata_label,"ca,en,nl",https://www.openstreetmap.org/way/275123436
196,way,293127711,wikidata,Q2203417,add_wikidata_label,"nl,fr",https://www.openstreetmap.org/way/293127711
197,way,298161509,wikidata,Q111412175,add_wikidata_label,en,https://www.openstreetmap.org/way/298161509
198,way,319998086,parking:lane:right,parallel,update_deprecated_tag,parking:right=parallel,https://www.openstreetmap.org/way/319998086
199,way,334463613,wikidata,Q546027,add_wikidata_label,"fr,ar,bg,de,es,fa,hu,it,ja,pt,ru,sr,uk,zh,ko",https://www.openstreetmap.org/way/334463613
200,way,334464445,wikidata,Q7209730,add_wikidata_label,"an,ar,de,es,pl,eu,nl",https://www.openstreetmap.org/way/334464445
201,way,351920542,wikidata,Q3931660,add_wikidata_label,fr,https://www.openstreetmap.org/way/351920542
202,way,352338250,wikidata,Q5596036,add_wikidata_label,"ca,en",https://www.openstreetmap.org/way/352338250
203,way,358047858,wikidata,Q18006186,add_wikidata_label,fr,https://www.openstreetmap.org/way/358047858
204,way,358129350,wikidata,Q3931670,add_wikidata_label,"ca,it",https://www.openstreetmap.org/way/358129350
205,way,358317385,wikidata,Q11945090,add_wikidata_label,"ca,en,fr",https://www.openstreetmap.org/way/358317385
206,way,361846817,wikidata,Q18005708,add_wikidata_label,en,https://www.openstreetmap.org/way/361846817
207,way,368472454,wikidata,Q24411,add_wikidata_label,fa,https://www.openstreetmap.org/way/368472454
208,way,368480225,wikidata,Q3931658,add_wikidata_label,"fr,it",https://www.openstreetmap.org/way/368480225
209,way,369430362,wikidata,Q21330406,add_wikidata_label,sv,https://www.openstreetmap.org/way/369430362
210,way,371164435,wikidata,Q11938462,add_wikidata_label,"en,de,ca",https://www.openstreetmap.org/way/371164435
211,way,371478742,wikidata,Q21329397,add_wikidata_label,"fr,sv",https://www.openstreetmap.org/way/371478742
212,way,371478743,wikidata,Q2009270,add_wikidata_label,"ca,en,fr,it",https://www.openstreetmap.org/way/371478743
213,way,381186674,wikidata,Q3931667,add_wikidata_label,"fr,it",https://www.openstreetmap.org/way/381186674
214,way,382248559,wikidata,Q517092,add_wikidata_label,it,https://www.openstreetmap.org/way/382248559
215,way,385225383,wikidata,Q11945091,add_wikidata_label,"ca,en,fr",https://www.openstreetmap.org/way/385225383
216,way,385383500,wikidata,Q5397738,add_wikidata_label,"es,en,nl,tr,fr",https://www.openstreetmap.org/way/385383500
217,way,391178816,wikidata,Q17615770,add_wikidata_label,ca,https://www.openstreetmap.org/way/391178816
218,way,391568717,wikidata,Q3931657,add_wikidata_label,"ca,it,fr",https://www.openstreetmap.org/way/391568717
219,way,392027294,wikidata,Q21330461,add_wikidata_label,sv,https://www.openstreetmap.org/way/392027294
220,way,392063295,wikidata,Q3931661,add_wikidata_label,"it,fr",https://www.openstreetmap.org/way/392063295
221,way,392137331,wikidata,Q11945088,add_wikidata_label,fr,https://www.openstreetmap.org/way/392137331
222,way,392397186,wikidata,Q20106858,add_wikidata_label,"en,fr",https://www.openstreetmap.org/way/392397186
223,way,392401926,landuse,reservoir,update_deprecated_tag,natural=water + water=reservoir,https://www.openstreetmap.org/way/392401926
224,way,398297653,wikidata,Q15278929,add_wikidata_label,"en,fr",https://www.openstreetmap.org/way/398297653
225,way,398297654,wikidata,Q111412180,add_wikidata_label,en,https://www.openstreetmap.org/way/398297654
226,way,419184137,wikidata,Q5397739,add_wikidata_label,"en,tr,fr",https://www.openstreetmap.org/way/419184137
227,way,419184179,wikidata,Q111877858,add_wikidata_label,en,https://www.openstreetmap.org/way/419184179
228,way,423318131,landuse,reservoir,update_deprecated_tag,natural=water + water=reservoir,https://www.openstreetmap.org/way/423318131
229,way,432400670,wikidata,Q3649138,add_wikidata_label,it,https://www.openstreetmap.org/way/432400670
230,way,512798902,wikidata,Q15934247,add_wikidata_label,"en,es,fr",https://www.openstreetmap.org/way/512798902
231,way,512803159,wikidata,Q1046548,add_wikidata_label,"eu,fi,fr,gl,it,ja,nb,nl,pl,pt,ru,sl,tr,zh,cs,sk,he,de,en,eo",https://www.openstreetmap.org/way/512803159
232,way,512803160,wikidata,Q1046548,add_wikidata_label,"ja,pt,ru,zh,he",https://www.openstreetmap.org/way/512803160
233,way,517836384,wikidata,Q15920474,add_wikidata_label,"ca,de,fr,nl,es",https://www.openstreetmap.org/way/517836384
234,way,523729934,wikidata,Q3935695,add_wikidata_label,it,https://www.openstreetmap.org/way/523729934
235,way,532533490,landuse,reservoir,update_deprecated_tag,natural=water + water=reservoir,https://www.openstreetmap.org/way/532533490
236,way,542627592,wikidata,Q97489548,add_wikidata_label,"en,fr",https://www.openstreetmap.org/way/542627592
237,way,545423936,wikidata,Q97489548,add_wikidata_label,"en,fr",https://www.openstreetmap.org/way/545423936
238,way,547229111,wikidata,Q112017266,add_wikidata_label,en,https://www.openstreetmap.org/way/547229111
239,way,604030705,wikidata,Q24853,add_wikidata_label,"ar,br,cs,cv,de,en,eu,fi,fr,gl,he,id,it,ja,lt,mk,nb,nl,nn,oc,pl,pt,ro,sk,sl,sr,sv,uk,vi,zh,lv",https://www.openstreetmap.org/way/604030705
240,way,604030706,wikidata,Q24853,add_wikidata_label,"ar,br,cs,cv,de,en,eu,fi,fr,gl,he,id,it,ja,lt,mk,nb,nl,nn,oc,pl,pt,ro,sk,sl,sr,sv,uk,vi,zh,lv",https://www.openstreetmap.org/way/604030706
241,way,604263258,wikidata,Q24853,add_wikidata_label,"ar,br,cs,cv,de,en,eu,fi,fr,gl,he,id,it,ja,lt,mk,nb,nl,nn,oc,pl,pt,ro,sk,sl,sr,sv,uk,vi,zh,lv",https://www.openstreetmap.org/way/604263258
242,way,604263261,wikidata,Q24853,add_wikidata_label,"ar,br,cs,cv,de,en,eu,fi,fr,gl,he,id,it,ja,lt,mk,nb,nl,nn,oc,pl,pt,ro,sk,sl,sr,sv,uk,vi,zh,lv",https://www.openstreetmap.org/way/604263261
243,way,604405447,wikidata,Q24853,add_wikidata_label,"ar,br,cs,cv,de,en,eu,fi,fr,gl,he,id,it,ja,lt,mk,nb,nl,nn,oc,pl,pt,ro,sk,sl,sr,sv,uk,vi,zh,lv",https://www.openstreetmap.org/way/604405447
244,way,604405448,wikidata,Q24853,add_wikidata_label,"ar,br,cs,cv,de,en,eu,fi,fr,gl,he,id,it,ja,lt,mk,nb,nl,nn,oc,pl,pt,ro,sk,sl,sr,sv,uk,vi,zh,lv",https://www.openstreetmap.org/way/604405448
245,way,648871704,wikidata,Q9287543,add_wikidata_label,"de,es,fr,it,pl,pt",https://www.openstreetmap.org/way/648871704
246,way,658303535,wikidata,Q24853,add_wikidata_label,"ar,br,cs,cv,de,en,es,eu,fi,fr,gl,he,id,it,ja,lt,mk,nb,nl,nn,oc,pl,pt,ro,ru,sk,sl,sr,sv,uk,vi,zh,lv",https://www.openstreetmap.org/way/658303535
247,way,658303536,wikidata,Q24853,add_wikidata_label,"ar,br,cs,cv,de,en,es,eu,fi,fr,gl,he,id,it,ja,lt,mk,nb,nl,nn,oc,pl,pt,ro,ru,sk,sl,sr,sv,uk,vi,zh,lv",https://www.openstreetmap.org/way/658303536
248,way,667958227,wikidata,Q3935693,add_wikidata_label,"en,fr,it",https://www.openstreetmap.org/way/667958227
249,way,668343726,wikidata,Q1784663,add_wikidata_label,fr,https://www.openstreetmap.org/way/668343726
250,way,852611722,wikidata,Q17588564,add_wikidata_label,"en,fr",https://www.openstreetmap.org/way/852611722
251,way,863846797,wikidata,Q7228022,add_wikidata_label,"ca,de,en,es,fr,nl,tr",https://www.openstreetmap.org/way/863846797
252,way,907459744,wikidata,Q11946912,add_wikidata_label,fr,https://www.openstreetmap.org/way/907459744
253,way,908107551,wikidata,Q66384866,add_wikidata_label,eu,https://www.openstreetmap.org/way/908107551
254,way,968916718,wikidata,Q5911633,add_wikidata_label,"en,es,fr",https://www.openstreetmap.org/way/968916718
255,way,968930602,wikidata,Q111412176,add_wikidata_label,en,https://www.openstreetmap.org/way/968930602
256,way,968930605,wikidata,Q111877854,add_wikidata_label,en,https://www.openstreetmap.org/way/968930605
257,way,969133099,wikidata,Q111412170,add_wikidata_label,en,https://www.openstreetmap.org/way/969133099
258,way,978057700,wikidata,Q2569829,add_wikidata_label,"fr,it",https://www.openstreetmap.org/way/978057700
259,way,978057872,wikidata,Q3931664,add_wikidata_label,"fr,it",https://www.openstreetmap.org/way/978057872
260,way,978058669,wikidata,Q11945092,add_wikidata_label,"ca,fr,en",https://www.openstreetmap.org/way/978058669
261,way,978058670,wikidata,Q3931668,add_wikidata_label,"ca,fr,it",https://www.openstreetmap.org/way/978058670
262,way,978058671,wikidata,Q18006178,add_wikidata_label,fr,https://www.openstreetmap.org/way/978058671
263,way,978058672,wikidata,Q3931656,add_wikidata_label,"ca,en,fr,it",https://www.openstreetmap.org/way/978058672
264,way,987242424,wikidata,Q546015,add_wikidata_label,"eu,fr,it,nl,ru",https://www.openstreetmap.org/way/987242424
265,way,987243867,wikidata,Q2551051,add_wikidata_label,"sk,sl,sv,sw,vi,vo,wa,wo,zu,af,an,br,co,cs,cy,da,de,en,eo,es,et,eu,fi,fr,ga,gd,gl,hr,hu,ia,id,ie,io,is,it,ja,kg,lb,li,lv,mg,ms,nb,nl,nn,oc,pl,pt,rm,ro,ru,sc",https://www.openstreetmap.org/way/987243867
266,way,997465771,landuse,reservoir,update_deprecated_tag,natural=water + water=reservoir,https://www.openstreetmap.org/way/997465771
267,way,999484102,wikidata,Q3268636,add_wikidata_label,"fr,ga",https://www.openstreetmap.org/way/999484102
268,way,1051784031,wikidata,Q2324678,add_wikidata_label,"de,en,nl,fr",https://www.openstreetmap.org/way/1051784031
269,way,1055271253,wikidata,Q24853,add_wikidata_label,"ar,br,cs,cv,de,en,eu,fi,fr,gl,he,id,it,ja,lt,mk,nb,nl,nn,oc,pl,pt,ro,sk,sl,sr,sv,uk,vi,zh,lv",https://www.openstreetmap.org/way/1055271253
270,way,1055271254,wikidata,Q24853,add_wikidata_label,"ar,br,cs,cv,de,en,eu,fi,fr,gl,he,id,it,ja,lt,mk,nb,nl,nn,oc,pl,pt,ro,sk,sl,sr,sv,uk,vi,zh,lv",https://www.openstreetmap.org/way/1055271254
271,way,1059987759,wikidata,Q97489591,add_wikidata_label,fr,https://www.openstreetmap.org/way/1059987759
272,way,1078769632,landuse,reservoir,update_deprecated_tag,natural=water + water=reservoir,https://www.openstreetmap.org/way/1078769632
273,relation,7439,wikidata,Q3184,add_wikidata_label,"an,ar,az,be,bg,bn,cv,de,el,et,fa,gu,he,hi,hy,ia,ja,ka,kk,kn,ko,la,lb,lt,lv,mk,mr,os,si,sr,ta,te,tg,th,uk,ur,zh,ce,uz",https://www.openstreetmap.org/relation/7439
274,relation,7466,wikidata,Q12709,add_wikidata_label,"tt,he,uk,an,ar,az,be,bg,bn,ce,cv,el,eu,fa,gl,gu,hi,hy,ia,ja,ka,kk,kn,ko,la,lb,lv,mk,mn,mr,os,pl,pt,si,sr,ta,te,tg,th,ur,zh",https://www.openstreetmap.org/relation/7466
275,relation,8643,wikidata,Q17005,add_wikidata_label,"am,an,ar,ay,az,bg,bn,co,el,fa,fy,gl,he,hy,ia,io,ka,kk,ko,la,lv,mk,mr,os,pa,sr,th,ur,zh,ce",https://www.openstreetmap.org/relation/8643
276,relation,8647,wikidata,Q16393,add_wikidata_label,"ay,et,ur",https://www.openstreetmap.org/relation/8647
277,relation,11980,wikidata,Q142,add_wikidata_label,"ve,aa,ab,av,ch,fj,ki,lg,mo,om,pi,sd,sg,ak,ig,iu,ny,sn,tw,nb,ti,tn,to,ts,xh",https://www.openstreetmap.org/relation/11980
278,relation,70423,wikidata,Q5077,add_wikidata_label,"ru,nl,sv,af,am,an,ar,az,be,bg,bn,br,cv,cy,da,de,el,eo,et,eu,fa,fi,fy,ga,gl,he,hy,id,is,ja,ka,kk,km,ko,ky,la,lb,lt,lv,mk,mr,nb,nn,pl,pt,ro,sh,sk,sl,sr,sw,ta,th,tl,tr,uk,uz,vi,zh",https://www.openstreetmap.org/relation/70423
279,relation,82675,wikidata,Q2637319,add_wikidata_label,"bn,eo,fi,he,it,ja,ko,nl,nn,pl,ro,sr,te,tr,zh",https://www.openstreetmap.org/relation/82675
280,relation,318027,wikidata,Q39090,add_wikidata_label,"de,fr,nl,oc",https://www.openstreetmap.org/relation/318027
281,relation,343017,wikidata,Q942294,add_wikidata_label,"ce,es,hy,tt,uk,zh",https://www.openstreetmap.org/relation/343017
282,relation,343634,wikidata,Q12672,add_wikidata_label,"ce,es,fa,hy,tt,zh",https://www.openstreetmap.org/relation/343634
283,relation,346346,wikidata,Q13746,add_wikidata_label,"ce,es,fa,tt,uk,zh",https://www.openstreetmap.org/relation/346346
284,relation,348990,wikidata,Q13904,add_wikidata_label,"az,bn,br,cs,cy,de,en,eo,et,gl,gu,hi,hy,ia,it,ka,kk,kn,lb,mk,mr,ms,nn,ro,se,sh,si,sq,sw,ta,te,th,tr,ur,bg,ie,os",https://www.openstreetmap.org/relation/348990
285,relation,349053,wikidata,Q5705,add_wikidata_label,"az,ba,bg,bn,bs,ce,co,et,fa,ga,gd,gn,gv,ha,hi,ht,hy,ia,ie,it,ka,kk,ko,ku,kw,ky,la,lb,li,lo,lv,mi,ml,mn,mr,ms,my,nb,nn,or,os,pa,ps,qu,rm,ro,sc,cy,da,zh,bo,he,af,am,se,sh,si,so,sq,sr,sw,ta,th,tk,tr,tt,ty,ug,uk,ur,uz,wa,yi,to,sm,mg",https://www.openstreetmap.org/relation/349053
286,relation,409377,wikidata,Q1072001,add_wikidata_label,"an,br,el,eu,kk,oc,sr,tt,uk,ce,zh",https://www.openstreetmap.org/relation/409377
287,relation,1104538,wikidata,Q18451,add_wikidata_label,"nl,ru,bg,cs,cv,de,el,en,es,fr,he,hu,it,ka,lt,mk,nb,pl,sh,sl,sr,uk,br,ga,cy,et,eu,fa,fi,id,ja,nn,pt,ro,vi,zh",https://www.openstreetmap.org/relation/1104538
288,relation,1181120,wikidata,Q5637570,add_wikidata_label,"en,es,oc",https://www.openstreetmap.org/relation/1181120
289,relation,1311341,wikidata,Q29,add_wikidata_label,"nb,om,pi,sd,sg,si,ti,ff,ha,ks,lo,ak,ny,sn,tw,ve,ab,av,xh,as",https://www.openstreetmap.org/relation/1311341
290,relation,1403916,wikidata,Q212429,add_wikidata_label,"lt,ga,mt,sq,cy,br,co,hi,hy,la,mk,sh,sl",https://www.openstreetmap.org/relation/1403916
291,relation,1477179,wikidata,Q21330259,add_wikidata_label,"en,es,gl,sv",https://www.openstreetmap.org/relation/1477179
292,relation,1837358,wikidata,Q1018525,add_wikidata_label,"de,eu,hu,hy,ja,sk,tt,uk,zh,ce",https://www.openstreetmap.org/relation/1837358
293,relation,1837431,wikidata,Q662289,add_wikidata_label,"zh,ce,eu,hy,ru,tt,uk",https://www.openstreetmap.org/relation/1837431
294,relation,1843554,wikidata,Q1082242,add_wikidata_label,"ca,ce,hy,ru,sr,tt,uk,zh",https://www.openstreetmap.org/relation/1843554
295,relation,1843715,wikidata,Q1375974,add_wikidata_label,"ca,fa,hy,ru,tt,uk,zh,ce",https://www.openstreetmap.org/relation/1843715
296,relation,1843973,wikidata,Q1142520,add_wikidata_label,"ca,hy,ru,tt,uk,zh,ce",https://www.openstreetmap.org/relation/1843973
297,relation,1845830,wikidata,Q1082539,add_wikidata_label,"hy,sr,tt,uk,zh,ca,ce",https://www.openstreetmap.org/relation/1845830
298,relation,2018553,wikidata,Q924990,add_wikidata_label,"ca,eu,ja",https://www.openstreetmap.org/relation/2018553
299,relation,2081565,wikidata,Q630097,add_wikidata_label,"az,ce,hy,id,ja,mg,ms,ro,ru,sr,tt,uk,vi,zh",https://www.openstreetmap.org/relation/2081565
300,relation,2084436,wikidata,Q198196,add_wikidata_label,"uk,el,kk,tt,zh,ce",https://www.openstreetmap.org/relation/2084436
301,relation,2172304,wikidata,Q518212,add_wikidata_label,"sq,tt,zh,tr,ga,an,az,br,ca,cs,de,en,es,eu,fa,fr,hy,id,it,lb,nl,oc,pl,ro",https://www.openstreetmap.org/relation/2172304
302,relation,2202162,wikidata,Q142,add_wikidata_label,"ve,aa,ab,av,ch,fj,om,pi,sd,nb,tn,ts,xh",https://www.openstreetmap.org/relation/2202162
303,relation,2668952,wikidata,Q458,add_wikidata_label,"ab,af,am,an,as,av,az,ba,bm,bn,bs,ce,co,cv,cy,fa,fo,fy,gl,gn,gv,ha,he,hi,ht,hy,id,ie,io,is,ja,jv,ka,kk,kl,km,kn,ko,ku,kv,kw,ky,la,ln,mg,mk,ml,mn,mo,mr,ms,my,nb,ne,nn,ny,oc,or,os,pa,ps,qu,rm,rw,sd,se,sh,si,sm,so,sq,su,sw,ta,te,tg,th,tl,ts,ug,ur,uz,vo,yi,yo,zh,sc,cu,tt,tk,gd",https://www.openstreetmap.org/relation/2668952
304,relation,2727683,wikidata,Q1118367,add_wikidata_label,"de,en,es,fr",https://www.openstreetmap.org/relation/2727683
305,relation,2767884,wikidata,Q702122,add_wikidata_label,"an,az,br,cs,da,de,el,en,es,eu,fa,it,ja,lb,nl,pl,pt,ro,sq,tt,zh,tr,ga",https://www.openstreetmap.org/relation/2767884
306,relation,2797161,wikidata,Q1727049,add_wikidata_label,"an,cs,da,de,en,es,fr,it,lb,nl,ro,sq",https://www.openstreetmap.org/relation/2797161
307,relation,2800131,wikidata,Q3322369,add_wikidata_label,"eu,fr,gl,nl,oc,pl,pt,fi",https://www.openstreetmap.org/relation/2800131
308,relation,2804753,wikidata,Q2522163,add_wikidata_label,"fr,ko,oc,pt,hu,it,nl,th,ja,es",https://www.openstreetmap.org/relation/2804753
309,relation,2804754,wikidata,Q24260,add_wikidata_label,"ar,bg,bn,fa,gu,he,hi,hu,hy,it,ja,ka,kn,ko,lt,lv,mk,mr,si,sr,ta,te,th,uk,ur,zh",https://www.openstreetmap.org/relation/2804754
310,relation,2804755,wikidata,Q24269,add_wikidata_label,"uk,ar,bg,bn,fa,gu,he,hi,hy,it,ja,ka,kn,ko,lt,lv,mk,mr,si,ta,te,th",https://www.openstreetmap.org/relation/2804755
311,relation,2804756,wikidata,Q24286,add_wikidata_label,"ar,az,bg,bn,fa,gu,hi,hu,hy,it,ja,ka,kn,lt,lv,mk,mr,si,ta,te,th,uk,ur,zh,ko",https://www.openstreetmap.org/relation/2804756
312,relation,2804757,wikidata,Q24276,add_wikidata_label,"ar,bg,bn,fa,gu,hi,hu,hy,it,ja,ka,kn,ko,lt,lv,mk,mr,si,sr,ta,te,th,uk,ur,zh",https://www.openstreetmap.org/relation/2804757
313,relation,2804758,wikidata,Q24272,add_wikidata_label,"ta,te,th,uk,ur,zh,ko,he,ar,bg,bn,fa,gu,hi,hu,hy,it,ja,ka,kn,lt,mk,mr,si,sr",https://www.openstreetmap.org/relation/2804758
314,relation,2804759,wikidata,Q24282,add_wikidata_label,"hu,hy,ja,ka,kn,ko,lt,lv,mk,mr,ms,si,sr,ta,te,th,uk,ur,zh,es,ar,bg,bn,fa,gu,he,hi",https://www.openstreetmap.org/relation/2804759
315,relation,2805972,wikidata,Q12787,add_wikidata_label,"el,be,br,eu,fa,fi,hu,it,ja,kk,nb,nl,pl,pt,uk",https://www.openstreetmap.org/relation/2805972
316,relation,2809180,wikidata,Q18265,add_wikidata_label,"be,ja,ru,uk",https://www.openstreetmap.org/relation/2809180
317,relation,2810001,wikidata,Q12720,add_wikidata_label,"ar,fa,ja",https://www.openstreetmap.org/relation/2810001
318,relation,2810705,wikidata,Q12719,add_wikidata_label,"el,fa,kk",https://www.openstreetmap.org/relation/2810705
319,relation,3004189,wikidata,Q17042536,add_wikidata_label,es,https://www.openstreetmap.org/relation/3004189
320,relation,3004190,wikidata,Q11907388,add_wikidata_label,"en,es",https://www.openstreetmap.org/relation/3004190
321,relation,3004210,wikidata,Q9090913,add_wikidata_label,"de,en,fr,nl",https://www.openstreetmap.org/relation/3004210
322,relation,3073965,wikidata,Q2914372,add_wikidata_label,"cs,es,nl,sl,ca",https://www.openstreetmap.org/relation/3073965
323,relation,3406172,wikidata,Q1119756,add_wikidata_label,"de,en,fr",https://www.openstreetmap.org/relation/3406172
324,relation,3408341,wikidata,Q599208,add_wikidata_label,es,https://www.openstreetmap.org/relation/3408341
325,relation,3792883,wikidata,Q18678265,add_wikidata_label,"he,la,an,cy,fi,gl,id,sk,sr,uk,vo,af,az,be,bg,bn,co,hi,ht,hy,ko,lb,li,lv,mk,mn,os,sc,sh,sl,sq,th,tt,zh,ku,mr,ga",https://www.openstreetmap.org/relation/3792883
326,relation,3870917,wikidata,Q12837,add_wikidata_label,"am,li,mr,nb,si,ie,co,ps,my",https://www.openstreetmap.org/relation/3870917
327,relation,3974492,wikidata,Q2138364,add_wikidata_label,"ca,es,nl,oc,zh",https://www.openstreetmap.org/relation/3974492
328,relation,4552625,wikidata,Q17622668,add_wikidata_label,"de,en,es,eu,fr,it,lb,zh,ga",https://www.openstreetmap.org/relation/4552625
329,relation,4552729,wikidata,Q17623115,add_wikidata_label,"de,en,eu,fr,hu,it,lb,zh,ga",https://www.openstreetmap.org/relation/4552729
330,relation,4615593,wikidata,Q11941708,add_wikidata_label,"en,es,fr,gl,he,pt",https://www.openstreetmap.org/relation/4615593
331,relation,5488773,wikidata,Q1570794,add_wikidata_label,"es,it,nl",https://www.openstreetmap.org/relation/5488773
332,relation,5731945,wikidata,Q508726,add_wikidata_label,"en,es,sv",https://www.openstreetmap.org/relation/5731945
333,relation,5731946,wikidata,Q24853,add_wikidata_label,"ar,cv,en,gl,he,id,ja,mk,pt,ru,sr,sv,uk,vi,zh",https://www.openstreetmap.org/relation/5731946
334,relation,5734196,wikidata,Q21330390,add_wikidata_label,sv,https://www.openstreetmap.org/relation/5734196
335,relation,5761660,wikidata,Q3364586,add_wikidata_label,"es,fr,gl,ja,de,en",https://www.openstreetmap.org/relation/5761660
336,relation,5962788,wikidata,Q2822314,add_wikidata_label,"en,es,zh",https://www.openstreetmap.org/relation/5962788
337,relation,5962799,wikidata,Q2750231,add_wikidata_label,"ca,en,nl,oc,zh",https://www.openstreetmap.org/relation/5962799
338,relation,6491134,wikidata,Q6655,add_wikidata_label,"lb,lt,lv,mk,ml,mr,ms,mt,my,nb,nl,nn,oc,pa,pl,ps,pt,rm,ro,ru,sd,se,sh,sk,sl,sq,sr,sv,tg,th,tl,tr,tt,uk,ur,vi,yi,zu,la,af,az,be,bg,bn,bs,ca,cs,da,el,eo,et,eu,fa,fi,ga,gl,gv,ha,he,hi,hr,hu,hy,ia,id,it,ja,jv,ka,kk,ko,ku,ky",https://www.openstreetmap.org/relation/6491134
339,relation,6955560,wikidata,Q3176636,add_wikidata_label,"en,fr,es,an,de,eu",https://www.openstreetmap.org/relation/6955560
340,relation,7008877,wikidata,Q28495720,add_wikidata_label,"ca,zh",https://www.openstreetmap.org/relation/7008877
341,relation,7790584,wikidata,Q5397747,add_wikidata_label,"en,tr,fr",https://www.openstreetmap.org/relation/7790584
342,relation,8865914,wikidata,Q3176636,add_wikidata_label,"en,fr,es,an,de",https://www.openstreetmap.org/relation/8865914
343,relation,9384024,wikidata,Q56403714,add_wikidata_label,fr,https://www.openstreetmap.org/relation/9384024
344,relation,10603161,wikidata,Q3176636,add_wikidata_label,"en,fr,es,an,de",https://www.openstreetmap.org/relation/10603161
345,relation,10603162,wikidata,Q3176636,add_wikidata_label,"en,fr,es,an,de",https://www.openstreetmap.org/relation/10603162
346,relation,10603859,wikidata,Q3176636,add_wikidata_label,"en,fr,es,an,de",https://www.openstreetmap.org/relation/10603859
347,relation,10605303,wikidata,Q3176636,add_wikidata_label,"en,fr,es,an,de,eu",https://www.openstreetmap.org/relation/10605303
348,relation,11271595,wikidata,Q21426931,add_wikidata_label,fr,https://www.openstreetmap.org/relation/11271595
349,relation,11278320,wikidata,Q88521123,add_wikidata_label,be,https://www.openstreetmap.org/relation/11278320
350,relation,11609301,wikidata,Q746899,add_wikidata_label,"ca,en,es,fr,it,lt,nb,nl,fa",https://www.openstreetmap.org/relation/11609301
351,relation,11745120,wikidata,Q15580,add_wikidata_label,"fa,fy,nb,nl,ro,ku,be,zh,da,et,fi,ja,nn,sv,bg,pt",https://www.openstreetmap.org/relation/11745120
352,relation,11747082,wikidata,Q234963,add_wikidata_label,"hy,tl,ia,tt",https://www.openstreetmap.org/relation/11747082
353,relation,12729625,wikidata,Q8268,add_wikidata_label,"hy,id,is,it,ja,jv,ka,kk,ko,mg,mk,ml,mr,ms,oc,or,os,pl,pt,ro,ru,sh,sl,sr,sv,ta,th,tr,uk,vi,yi,se,ar,az,be,bg,bn,ca,cy,el,eo,fa,ga,he,hi",https://www.openstreetmap.org/relation/12729625
354,relation,12733310,wikidata,Q7184,add_wikidata_label,"gn,ia,ie,te,co,za,uk,pl,sl,af,fi,kl,am,an,as,av,az,ba,be,bn,br,bs,ca,ce,cs,cv,cy,da,eo,et,eu,fa,fo,ga,gd,gl,gv,ha,he,hi,hr,hu,hy,id,io,is,it,ja,jv,ka,kk,km,kn,ko,ku,kw,ky,la,lb,li,mg,ml,mn,mr,ms,my,nb,ne,nn,oc,or,os,pa,ps,pt,rm,ro,ru,sc,sd,se,sh,sk,so,sq,sr,sw,ta,tg,th,tl,tt,uz,vi,vo,yi,yo",https://www.openstreetmap.org/relation/12733310
355,relation,13376469,wikidata,Q185441,add_wikidata_label,"sk,sl,sr,te,tg,th,tr,uk,ur,uz,vi,yi,zh,co,lt,ar,az,be,bg,bn,bs,ca,cs,cy,da,el,eo,et,eu,fa,fi,gl,he,hi,hr,hu,hy,ia,id,it,ja,ka,kk,ko,la,lb,lv,mk,ms,nb,oc,pl,pt,ro,ru,se",https://www.openstreetmap.org/relation/13376469
356,relation,13433224,wikidata,Q15479,add_wikidata_label,"da,el,ja,nl,he",https://www.openstreetmap.org/relation/13433224
357,relation,14119593,wikidata,Q2933723,add_wikidata_label,"de,es,pt",https://www.openstreetmap.org/relation/14119593
